<?xml version="1.0" encoding="UTF-8"?>
<con:soapui-project id="ffc4b4a5-00ea-45e2-8d0d-3d363d4b76aa" activeEnvironment="Default" name="REST Project Payout" resourceRoot="${projectDir}" soapui-version="5.2.1" abortOnError="false" runType="SEQUENTIAL" xmlns:con="http://eviware.com/soapui/config"><con:settings/><con:interface xsi:type="con:RestService" id="fb29a155-ad6f-417f-b2d7-aac3e8d9b3aa" wadlVersion="http://wadl.dev.java.net/2009/02" name="http://localhost:50049" type="rest" xmlns:xsi="http://www.w3.org/2001/XMLSchema-instance"><con:settings/><con:definitionCache/><con:endpoints><con:endpoint>http://localhost:50049</con:endpoint></con:endpoints><con:resource name="payout" path="moneytransfer/payout" id="45125b50-df59-4588-8c37-c1675163f617"><con:settings/><con:parameters/><con:resource name="getTransactionInfo" path="Transaction" id="41b7e4a1-280d-432d-bf9f-cbf1af174a0c"><con:settings/><con:parameters/><con:method name="GetTransactionInfo" id="af1a8c4e-6889-4d5a-96f0-a60b07a6e31e" method="POST"><con:settings/><con:parameters/><con:representation type="REQUEST"><con:mediaType>application/json</con:mediaType><con:params/></con:representation><con:representation type="RESPONSE"><con:mediaType xsi:nil="true"/><con:status>0</con:status><con:params/><con:element>data</con:element></con:representation><con:representation type="RESPONSE"><con:mediaType xsi:nil="true"/><con:status>0</con:status><con:params/><con:element>data</con:element></con:representation><con:representation type="RESPONSE"><con:mediaType xsi:nil="true"/><con:status>0</con:status><con:params/><con:element>data</con:element></con:representation><con:representation type="RESPONSE"><con:mediaType xsi:nil="true"/><con:status>0</con:status><con:params/><con:element>data</con:element></con:representation><con:representation type="RESPONSE"><con:mediaType xsi:nil="true"/><con:status>0</con:status><con:params/><con:element>data</con:element></con:representation><con:representation type="RESPONSE"><con:mediaType>text/plain; charset=utf-8</con:mediaType><con:status>200</con:status><con:params/><con:element>data</con:element></con:representation><con:representation type="RESPONSE"><con:mediaType xsi:nil="true"/><con:status>0</con:status><con:params/><con:element>data</con:element></con:representation><con:representation type="RESPONSE"><con:mediaType xsi:nil="true"/><con:status>0</con:status><con:params/><con:element>data</con:element></con:representation><con:representation type="RESPONSE"><con:mediaType xsi:nil="true"/><con:status>0</con:status><con:params/><con:element>data</con:element></con:representation><con:representation type="RESPONSE"><con:mediaType xsi:nil="true"/><con:status>0</con:status><con:params/><con:element>data</con:element></con:representation><con:representation type="RESPONSE"><con:mediaType xsi:nil="true"/><con:status>0</con:status><con:params/><con:element>data</con:element></con:representation><con:representation type="RESPONSE"><con:mediaType xsi:nil="true"/><con:status>0</con:status><con:params/><con:element>data</con:element></con:representation><con:representation type="RESPONSE"><con:mediaType xsi:nil="true"/><con:status>0</con:status><con:params/><con:element>data</con:element></con:representation><con:representation type="RESPONSE"><con:mediaType xsi:nil="true"/><con:status>0</con:status><con:params/><con:element>data</con:element></con:representation><con:representation type="RESPONSE"><con:mediaType xsi:nil="true"/><con:status>0</con:status><con:params/><con:element>data</con:element></con:representation><con:representation type="RESPONSE"><con:mediaType xsi:nil="true"/><con:status>0</con:status><con:params/><con:element>data</con:element></con:representation><con:representation type="RESPONSE"><con:mediaType xsi:nil="true"/><con:status>0</con:status><con:params/><con:element>data</con:element></con:representation><con:representation type="RESPONSE"><con:mediaType xsi:nil="true"/><con:status>0</con:status><con:params/><con:element>data</con:element></con:representation><con:representation type="RESPONSE"><con:mediaType xsi:nil="true"/><con:status>0</con:status><con:params/><con:element>data</con:element></con:representation><con:representation type="RESPONSE"><con:mediaType xsi:nil="true"/><con:status>0</con:status><con:params/><con:element>data</con:element></con:representation><con:representation type="RESPONSE"><con:mediaType xsi:nil="true"/><con:status>0</con:status><con:params/><con:element>data</con:element></con:representation><con:representation type="RESPONSE"><con:mediaType xsi:nil="true"/><con:status>0</con:status><con:params/><con:element>data</con:element></con:representation><con:representation type="RESPONSE"><con:mediaType xsi:nil="true"/><con:status>0</con:status><con:params/><con:element>data</con:element></con:representation><con:representation type="RESPONSE"><con:mediaType xsi:nil="true"/><con:status>0</con:status><con:params/><con:element>data</con:element></con:representation><con:representation type="RESPONSE"><con:mediaType xsi:nil="true"/><con:status>0</con:status><con:params/><con:element>data</con:element></con:representation><con:representation type="RESPONSE"><con:mediaType xsi:nil="true"/><con:status>0</con:status><con:params/><con:element>data</con:element></con:representation><con:representation type="RESPONSE"><con:mediaType xsi:nil="true"/><con:status>0</con:status><con:params/><con:element>data</con:element></con:representation><con:representation type="RESPONSE"><con:mediaType xsi:nil="true"/><con:status>0</con:status><con:params/><con:element>data</con:element></con:representation><con:representation type="RESPONSE"><con:mediaType xsi:nil="true"/><con:status>0</con:status><con:params/><con:element>data</con:element></con:representation><con:representation type="RESPONSE"><con:mediaType xsi:nil="true"/><con:status>0</con:status><con:params/><con:element>data</con:element></con:representation><con:representation type="RESPONSE"><con:mediaType xsi:nil="true"/><con:status>0</con:status><con:params/><con:element>data</con:element></con:representation><con:representation type="RESPONSE"><con:mediaType xsi:nil="true"/><con:status>0</con:status><con:params/><con:element>data</con:element></con:representation><con:representation type="RESPONSE"><con:mediaType>application/json; charset=utf-8</con:mediaType><con:status>200</con:status><con:params/><con:element xmlns:get="http://localhost/payout/getTransactionInfo">get:Response</con:element></con:representation><con:representation type="RESPONSE"><con:mediaType xsi:nil="true"/><con:status>0</con:status><con:params/><con:element>data</con:element></con:representation><con:representation type="RESPONSE"><con:mediaType xsi:nil="true"/><con:status>0</con:status><con:params/><con:element>data</con:element></con:representation><con:representation type="RESPONSE"><con:mediaType xsi:nil="true"/><con:status>0</con:status><con:params/><con:element>data</con:element></con:representation><con:representation type="RESPONSE"><con:mediaType xsi:nil="true"/><con:status>0</con:status><con:params/><con:element>data</con:element></con:representation><con:representation type="RESPONSE"><con:mediaType xsi:nil="true"/><con:status>0</con:status><con:params/><con:element>data</con:element></con:representation><con:representation type="RESPONSE"><con:mediaType xsi:nil="true"/><con:status>0</con:status><con:params/><con:element>data</con:element></con:representation><con:representation type="RESPONSE"><con:mediaType xsi:nil="true"/><con:status>0</con:status><con:params/><con:element>data</con:element></con:representation><con:representation type="RESPONSE"><con:mediaType xsi:nil="true"/><con:status>0</con:status><con:params/><con:element>data</con:element></con:representation><con:representation type="RESPONSE"><con:mediaType xsi:nil="true"/><con:status>0</con:status><con:params/><con:element>data</con:element></con:representation><con:representation type="RESPONSE"><con:mediaType xsi:nil="true"/><con:status>0</con:status><con:params/><con:element>data</con:element></con:representation><con:representation type="RESPONSE"><con:mediaType xsi:nil="true"/><con:status>0</con:status><con:params/><con:element>data</con:element></con:representation><con:representation type="RESPONSE"><con:mediaType xsi:nil="true"/><con:status>0</con:status><con:params/><con:element>data</con:element></con:representation><con:representation type="RESPONSE"><con:mediaType xsi:nil="true"/><con:status>0</con:status><con:params/><con:element>data</con:element></con:representation><con:representation type="RESPONSE"><con:mediaType xsi:nil="true"/><con:status>0</con:status><con:params/><con:element>data</con:element></con:representation><con:representation type="RESPONSE"><con:mediaType xsi:nil="true"/><con:status>0</con:status><con:params/><con:element>data</con:element></con:representation><con:representation type="RESPONSE"><con:mediaType xsi:nil="true"/><con:status>0</con:status><con:params/><con:element>data</con:element></con:representation><con:representation type="RESPONSE"><con:mediaType xsi:nil="true"/><con:status>0</con:status><con:params/><con:element>data</con:element></con:representation><con:representation type="RESPONSE"><con:mediaType xsi:nil="true"/><con:status>0</con:status><con:params/><con:element>data</con:element></con:representation><con:representation type="RESPONSE"><con:mediaType xsi:nil="true"/><con:status>0</con:status><con:params/><con:element>data</con:element></con:representation><con:representation type="RESPONSE"><con:mediaType xsi:nil="true"/><con:status>0</con:status><con:params/><con:element>data</con:element></con:representation><con:representation type="RESPONSE"><con:mediaType xsi:nil="true"/><con:status>0</con:status><con:params/><con:element>data</con:element></con:representation><con:representation type="RESPONSE"><con:mediaType xsi:nil="true"/><con:status>0</con:status><con:params/><con:element>data</con:element></con:representation><con:representation type="RESPONSE"><con:mediaType xsi:nil="true"/><con:status>0</con:status><con:params/><con:element>data</con:element></con:representation><con:representation type="RESPONSE"><con:mediaType xsi:nil="true"/><con:status>0</con:status><con:params/><con:element>data</con:element></con:representation><con:representation type="RESPONSE"><con:mediaType xsi:nil="true"/><con:status>0</con:status><con:params/><con:element>data</con:element></con:representation><con:representation type="RESPONSE"><con:mediaType xsi:nil="true"/><con:status>0</con:status><con:params/><con:element>data</con:element></con:representation><con:representation type="RESPONSE"><con:mediaType xsi:nil="true"/><con:status>0</con:status><con:params/><con:element>data</con:element></con:representation><con:representation type="RESPONSE"><con:mediaType xsi:nil="true"/><con:status>0</con:status><con:params/><con:element>data</con:element></con:representation><con:representation type="RESPONSE"><con:mediaType xsi:nil="true"/><con:status>0</con:status><con:params/><con:element>data</con:element></con:representation><con:representation type="RESPONSE"><con:mediaType xsi:nil="true"/><con:status>0</con:status><con:params/><con:element>data</con:element></con:representation><con:representation type="RESPONSE"><con:mediaType xsi:nil="true"/><con:status>0</con:status><con:params/><con:element>data</con:element></con:representation><con:representation type="FAULT"><con:mediaType>text/html; charset=utf-8</con:mediaType><con:status>404 500</con:status><con:params/><con:element>html</con:element></con:representation><con:representation type="RESPONSE"><con:mediaType xsi:nil="true"/><con:status>0</con:status><con:params/><con:element>data</con:element></con:representation><con:representation type="FAULT"><con:mediaType>application/json; charset=utf-8</con:mediaType><con:status>500</con:status><con:params/><con:element xmlns:get="http://localhost/payout/getTransactionInfo">get:Fault</con:element></con:representation><con:representation type="RESPONSE"><con:mediaType xsi:nil="true"/><con:status>0</con:status><con:params/><con:element>data</con:element></con:representation><con:representation type="RESPONSE"><con:mediaType xsi:nil="true"/><con:status>0</con:status><con:params/><con:element>data</con:element></con:representation><con:representation type="RESPONSE"><con:mediaType xsi:nil="true"/><con:status>0</con:status><con:params/><con:element>data</con:element></con:representation><con:representation type="RESPONSE"><con:mediaType xsi:nil="true"/><con:status>0</con:status><con:params/><con:element>data</con:element></con:representation><con:representation type="RESPONSE"><con:mediaType xsi:nil="true"/><con:status>0</con:status><con:params/><con:element>data</con:element></con:representation><con:representation type="RESPONSE"><con:mediaType xsi:nil="true"/><con:status>0</con:status><con:params/><con:element>data</con:element></con:representation><con:request name="Request-CL1916560955" id="4d828ddd-108a-4e6c-82d4-4d639c382457" mediaType="application/json" postQueryString="false"><con:settings><con:setting id="com.eviware.soapui.impl.wsdl.WsdlRequest@request-headers">&lt;entry key="ApplicationId" value="501" xmlns="http://eviware.com/soapui/config"/></con:setting></con:settings><con:endpoint>http://localhost:44444</con:endpoint><con:request>{
  "PersistenceID": 0,
  "RequesterInfo": {
    "AppID": 501,
    "AppObjectID": 123309,
    "AgentID": 23392811,
    "AgentLocID": 25055911,
    "UserID": 1,
    "UserLoginID": 1,
    "TerminalID": "0",
    "TerminalUserID": "0",
    "LocalTime": "2016-06-13T17:09:33.8400729-03:00",
    "UtcTime": "2016-06-13T17:09:33.8400729-03:00",
    "Timezone": "-3",
    "TimezoneID": 8701,
    "Locale": "es-cl",
    "Version": "1.0",
    "AgentCountry": "CL",
    "AgentState": "RM"
  },
  "OrderPIN": "CL1916560955",
  "OrderID": "",
  "CountryTo": "CL",
  "StateTo": "RM"
}</con:request><con:originalUri>http://localhost/payout/getTransactionInfo</con:originalUri><con:credentials><con:authType>No Authorization</con:authType></con:credentials><con:jmsConfig JMSDeliveryMode="PERSISTENT"/><con:jmsPropertyConfig/><con:parameters/></con:request><con:request name="Request-00572750706" id="4d828ddd-108a-4e6c-82d4-4d639c382457" mediaType="application/json" postQueryString="false"><con:settings><con:setting id="com.eviware.soapui.impl.wsdl.WsdlRequest@request-headers">&lt;entry key="ApplicationId" value="501" xmlns="http://eviware.com/soapui/config"/></con:setting></con:settings><con:endpoint>http://localhost:44444</con:endpoint><con:request>{
  "PersistenceID": 0,
  "RequesterInfo": {
    "AppID": 501,
    "AppObjectID": 123309,
    "AgentID": 44729311,
    "AgentLocID": 59347511,
    "UserID": 1,
    "UserLoginID": 1,
    "TerminalID": "0",
    "TerminalUserID": "0",
    "LocalTime": "2016-06-13T17:09:33.8400729-03:00",
    "UtcTime": "2016-06-13T17:09:33.8400729-03:00",
    "Timezone": "-3",
    "TimezoneID": 8701,
    "Locale": "es-cl",
    "Version": "1.0",
    "AgentCountry": "ES",
    "AgentState": "RM"
  },
  "OrderPIN": "00467928377",
  "OrderID": "",
  "CountryTo": "ES",
  "StateTo": "RM"
}</con:request><con:originalUri>http://localhost/payout/getTransactionInfo</con:originalUri><con:credentials><con:authType>No Authorization</con:authType></con:credentials><con:jmsConfig JMSDeliveryMode="PERSISTENT"/><con:jmsPropertyConfig/><con:parameters/></con:request><con:request name="GetInfo: GC 00714644257" id="4d828ddd-108a-4e6c-82d4-4d639c382457" mediaType="application/json" postQueryString="false"><con:settings><con:setting id="com.eviware.soapui.impl.wsdl.WsdlRequest@request-headers">&lt;entry key="ApplicationId" value="501" xmlns="http://eviware.com/soapui/config"/></con:setting></con:settings><con:endpoint>http://localhost:44444</con:endpoint><con:request>{
  "PersistenceID": 0,
  "RequesterInfo": {
    "AppID": 501,
    "AppObjectID": 100,
    "AgentID": 44729311,
    "AgentLocID": 59347511,
    "UserID": 1,
    "UserLoginID": 1,
    "TerminalID": "0",
    "TerminalUserID": "0",
    "LocalTime": "2016-06-22T17:09:33.8400729-03:00",
    "UtcTime": "2016-06-22T17:09:33.8400729-03:00",
    "Timezone": "-3",
    "TimezoneID": 8701,
    "Locale": "es-cl",
    "Version": "1.0",
    "AgentCountry": "ES",
    "AgentState": "RM"
  },
  "OrderPIN": "00714644257",
  "OrderID": "",
  "CountryTo": "ES",
  "StateTo": "RM"
}</con:request><con:originalUri>http://localhost/payout/getTransactionInfo</con:originalUri><con:credentials><con:authType>No Authorization</con:authType></con:credentials><con:jmsConfig JMSDeliveryMode="PERSISTENT"/><con:jmsPropertyConfig/><con:parameters/></con:request><con:request name="GetInfo: GC 00695852149" id="4d828ddd-108a-4e6c-82d4-4d639c382457" mediaType="application/json" postQueryString="false"><con:settings><con:setting id="com.eviware.soapui.impl.wsdl.WsdlRequest@request-headers">&lt;entry key="ApplicationId" value="501" xmlns="http://eviware.com/soapui/config"/></con:setting></con:settings><con:endpoint>http://localhost:44444</con:endpoint><con:request>{
  "PersistenceID": 0,
  "RequesterInfo": {
    "AppID": 501,
    "AppObjectID": 100,
    "AgentID": 44729311,
    "AgentLocID": 59347511,
    "UserID": 1,
    "UserLoginID": 1,
    "TerminalID": "0",
    "TerminalUserID": "0",
    "LocalTime": "2016-06-22T17:09:33.8400729-03:00",
    "UtcTime": "2016-06-22T17:09:33.8400729-03:00",
    "Timezone": "-3",
    "TimezoneID": 8701,
    "Locale": "es-cl",
    "Version": "1.0",
    "AgentCountry": "ES",
    "AgentState": "RM"
  },
  "OrderPIN": "00695852149",
  "OrderID": "",
  "CountryTo": "ES",
  "StateTo": "RM"
}</con:request><con:originalUri>http://localhost/payout/getTransactionInfo</con:originalUri><con:credentials><con:authType>No Authorization</con:authType></con:credentials><con:jmsConfig JMSDeliveryMode="PERSISTENT"/><con:jmsPropertyConfig/><con:parameters/></con:request><con:request name="GetInfo: GC 00596488676" id="4d828ddd-108a-4e6c-82d4-4d639c382457" mediaType="application/json" postQueryString="false"><con:settings><con:setting id="com.eviware.soapui.impl.wsdl.WsdlRequest@request-headers">&lt;entry key="ApplicationId" value="501" xmlns="http://eviware.com/soapui/config"/></con:setting></con:settings><con:endpoint>http://localhost:44444</con:endpoint><con:request>{
  "PersistenceID": 0,
  "RequesterInfo": {
    "AppID": 501,
    "AppObjectID": 100,
    "AgentID": 44729311,
    "AgentLocID": 59347511,
    "UserID": 1,
    "UserLoginID": 1,
    "TerminalID": "0",
    "TerminalUserID": "0",
    "LocalTime": "2016-06-22T17:09:33.8400729-03:00",
    "UtcTime": "2016-06-22T17:09:33.8400729-03:00",
    "Timezone": "-3",
    "TimezoneID": 8701,
    "Locale": "es-cl",
    "Version": "1.0",
    "AgentCountry": "ES",
    "AgentState": "RM"
  },
  "OrderPIN": "00596488676",
  "OrderID": "",
  "CountryTo": "ES",
  "StateTo": "RM"
}</con:request><con:originalUri>http://localhost/payout/getTransactionInfo</con:originalUri><con:credentials><con:authType>No Authorization</con:authType></con:credentials><con:jmsConfig JMSDeliveryMode="PERSISTENT"/><con:jmsPropertyConfig/><con:parameters/></con:request><con:request name="GetInfo: GC 00100582424" id="4d828ddd-108a-4e6c-82d4-4d639c382457" mediaType="application/json" postQueryString="false"><con:settings><con:setting id="com.eviware.soapui.impl.wsdl.WsdlRequest@request-headers">&lt;entry key="ApplicationId" value="501" xmlns="http://eviware.com/soapui/config"/></con:setting></con:settings><con:endpoint>http://localhost:44444</con:endpoint><con:request>{
  "PersistenceID": 0,
  "RequesterInfo": {
    "AppID": 501,
    "AppObjectID": 100,
    "AgentID": 44729311,
    "AgentLocID": 59347511,
    "UserID": 1,
    "UserLoginID": 1,
    "TerminalID": "0",
    "TerminalUserID": "0",
    "LocalTime": "2016-06-22T17:09:33.8400729-03:00",
    "UtcTime": "2016-06-22T17:09:33.8400729-03:00",
    "Timezone": "-3",
    "TimezoneID": 8701,
    "Locale": "es-cl",
    "Version": "1.0",
    "AgentCountry": "ES",
    "AgentState": "RM"
  },
  "OrderPIN": "00100582424",
  "OrderID": "",
  "CountryTo": "ES",
  "StateTo": "RM"
}</con:request><con:originalUri>http://localhost/payout/getTransactionInfo</con:originalUri><con:credentials><con:authType>No Authorization</con:authType></con:credentials><con:jmsConfig JMSDeliveryMode="PERSISTENT"/><con:jmsPropertyConfig/><con:parameters/></con:request></con:method></con:resource></con:resource></con:interface><con:properties/><con:wssContainer/><con:oAuth2ProfileContainer/></con:soapui-project>